{"cameraMode":{"drawMode":0,"name":"Shaded","section":"Shading Mode"},"sceneLighting":false,"audioPlay":false,"sceneViewState":{"showFog":true,"showMaterialUpdate":false,"showSkybox":true,"showFlares":true,"showImageEffects":true,"showParticleSystems":true},"in2DMode":false,"pivot":{"x":8.638227462768555,"y":6.910920143127441,"z":14.331744194030762},"rotation":{"x":0.1971612274646759,"y":0.2810569703578949,"z":-0.059116873890161517,"w":0.9373577833175659},"size":54.17466735839844,"orthographic":false}