{"cameraMode":{"drawMode":0,"name":"Shaded","section":"Shading Mode"},"sceneLighting":false,"audioPlay":false,"sceneViewState":{"showFog":true,"showMaterialUpdate":false,"showSkybox":true,"showFlares":true,"showImageEffects":true,"showParticleSystems":true},"in2DMode":false,"pivot":{"x":4.241039276123047,"y":-1.9910246133804322,"z":8.669483184814454},"rotation":{"x":0.4317814111709595,"y":0.11341528594493866,"z":-0.05483013018965721,"w":0.89313805103302},"size":38.24957275390625,"orthographic":false}